{"v":"5.10.2","fr":30,"ip":0,"op":3600,"w":1000,"h":1000,"nm":"megaphone-fill","ddd":0,"assets":[],"layers":[{"ddd":0,"ind":1,"ty":3,"nm":"▽ megaphone","sr":1,"ks":{"o":{"a":0,"k":100,"ix":11},"r":{"a":1,"k":[{"i":{"x":[0.833],"y":[0.932]},"o":{"x":[0.26],"y":[0]},"t":13.5,"s":[0]},{"i":{"x":[0.833],"y":[-3.327]},"o":{"x":[0.26],"y":[0]},"t":19,"s":[-22.5]},{"i":{"x":[0.833],"y":[0.556]},"o":{"x":[0.26],"y":[0]},"t":34,"s":[-22.5]},{"t":42,"s":[0]}],"ix":10},"p":{"a":0,"k":[322.13,575.849,0],"ix":2,"l":2},"a":{"a":0,"k":[-1453.87,142.849,0],"ix":1,"l":2},"s":{"a":0,"k":[60,60,100],"ix":6,"l":2}},"ao":0,"ip":0,"op":3713,"st":0,"ct":1,"bm":0},{"ddd":0,"ind":2,"ty":4,"nm":"megaphone-fill","parent":1,"sr":1,"ks":{"o":{"a":1,"k":[{"i":{"x":[0.5],"y":[1]},"o":{"x":[0.5],"y":[0]},"t":0,"s":[0]},{"i":{"x":[0.833],"y":[1]},"o":{"x":[0.5],"y":[0]},"t":13.5,"s":[100]},{"t":149.5,"s":[100]}],"ix":11},"r":{"a":0,"k":0,"ix":10},"p":{"a":0,"k":[-1207.42,-9.399,0],"ix":2,"l":2},"a":{"a":0,"k":[0,0,0],"ix":1,"l":2},"s":{"a":0,"k":[166.667,166.667,100],"ix":6,"l":2}},"ao":0,"shapes":[{"ty":"gr","it":[{"ind":0,"ty":"sh","ix":1,"ks":{"a":0,"k":{"i":[[0,0],[-10.25,0],[0,-10.29],[0,0],[10.25,0],[0,10.28]],"o":[[0,-10.29],[10.25,0],[0,0],[0,10.28],[-10.25,0],[0,0]],"v":[[61.875,-68.88],[80.435,-87.5],[99.005,-68.88],[99.005,67.63],[80.435,86.25],[61.875,67.63]],"c":true},"ix":2},"nm":"Path 1","mn":"ADBE Vector Shape - Group","hd":false},{"ind":1,"ty":"sh","ix":2,"ks":{"a":0,"k":{"i":[[0,0],[30.45,-2.17],[0,0],[-4.48,-0.45],[-23.19,-11.07],[0,0]],"o":[[-25.58,11.79],[0,0],[4.5,0.25],[25.41,2.53],[0,0],[0,0]],"v":[[49.505,-59.899],[-37.125,-39.349],[-37.125,38.061],[-23.665,39.111],[49.495,58.471],[49.495,-59.899]],"c":true},"ix":2},"nm":"Path 2","mn":"ADBE Vector Shape - Group","hd":false},{"ind":2,"ty":"sh","ix":3,"ks":{"a":0,"k":{"i":[[0,0],[0,0],[7.54,-0.13],[0.05,-13.68],[0,0],[-13.59,-0.16],[-2.04,-0.04],[-6.23,-0.27]],"o":[[0,0],[-8.41,0.34],[-13.64,0.19],[0,0],[0,13.73],[2.04,0.03],[6.23,0.13],[0,0]],"v":[[-49.5,37.413],[-49.5,-38.677],[-74.35,-38.017],[-99,-13.037],[-99,11.783],[-74.32,36.713],[-68.19,36.813],[-49.5,37.413]],"c":true},"ix":2},"nm":"Path 3","mn":"ADBE Vector Shape - Group","hd":false},{"ind":3,"ty":"sh","ix":4,"ks":{"a":0,"k":{"i":[[0,0],[-3.48,-0.39],[0,0],[2.35,-2.85],[3.69,0],[0,0],[1.97,4.51],[0,0],[-6.98,-0.35],[-3.91,-0.29]],"o":[[3.53,0.26],[0,0],[0.69,3.63],[-2.36,2.85],[0,0],[-4.92,0],[0,0],[6.98,0.17],[4.05,0.22],[0,0]],"v":[[-32.301,50.828],[-21.781,51.798],[-18.652,72.768],[-21.271,83.008],[-30.811,87.498],[-37.592,87.498],[-48.932,80.068],[-65.191,49.288],[-44.251,50.078],[-32.301,50.828]],"c":true},"ix":2},"nm":"Path 4","mn":"ADBE Vector Shape - Group","hd":false},{"ty":"mm","mm":1,"nm":"Merge Paths 1","mn":"ADBE Vector Filter - Merge","hd":false},{"ty":"fl","c":{"a":0,"k":[1,1,1,1],"ix":4},"o":{"a":0,"k":100,"ix":5},"r":1,"bm":0,"nm":"Fill 1","mn":"ADBE Vector Graphic - Fill","hd":false},{"ty":"tr","p":{"a":0,"k":[0,0],"ix":2},"a":{"a":0,"k":[0,0],"ix":1},"s":{"a":0,"k":[300,300],"ix":3},"r":{"a":0,"k":0,"ix":6},"o":{"a":0,"k":100,"ix":7},"sk":{"a":0,"k":0,"ix":4},"sa":{"a":0,"k":0,"ix":5},"nm":"Transform"}],"nm":"Shape","np":6,"cix":2,"bm":0,"ix":1,"mn":"ADBE Vector Group","hd":false}],"ip":0,"op":3713,"st":0,"ct":1,"bm":0},{"ddd":0,"ind":3,"ty":4,"nm":"sound line 3","parent":1,"sr":1,"ks":{"o":{"a":0,"k":100,"ix":11},"r":{"a":0,"k":90,"ix":10},"p":{"a":0,"k":[-518.304,-12.468,0],"ix":2,"l":2},"a":{"a":0,"k":[0,0,0],"ix":1,"l":2},"s":{"a":0,"k":[100,100,100],"ix":6,"l":2}},"ao":0,"shapes":[{"ty":"gr","it":[{"ind":0,"ty":"sh","ix":1,"ks":{"a":0,"k":{"i":[[0,0],[0,0]],"o":[[0,0],[0,0]],"v":[[0,-48],[0,49]],"c":false},"ix":2},"nm":"Path 1","mn":"ADBE Vector Shape - Group","hd":false},{"ty":"st","c":{"a":0,"k":[1,1,1,1],"ix":3},"o":{"a":0,"k":100,"ix":4},"w":{"a":0,"k":16,"ix":5},"lc":2,"lj":1,"ml":4,"bm":0,"nm":"Stroke 1","mn":"ADBE Vector Graphic - Stroke","hd":false},{"ty":"tr","p":{"a":0,"k":[0,0],"ix":2},"a":{"a":0,"k":[0,0],"ix":1},"s":{"a":0,"k":[300,300],"ix":3},"r":{"a":0,"k":0,"ix":6},"o":{"a":0,"k":100,"ix":7},"sk":{"a":0,"k":0,"ix":4},"sa":{"a":0,"k":0,"ix":5},"nm":"Transform"}],"nm":"bar 3 copy","np":2,"cix":2,"bm":0,"ix":1,"mn":"ADBE Vector Group","hd":false},{"ty":"tm","s":{"a":1,"k":[{"i":{"x":[0.833],"y":[0.833]},"o":{"x":[0.167],"y":[0.167]},"t":16.5,"s":[100]},{"t":24,"s":[0]}],"ix":1},"e":{"a":1,"k":[{"i":{"x":[0.833],"y":[0.833]},"o":{"x":[0.167],"y":[0.167]},"t":21.5,"s":[100]},{"t":38,"s":[0]}],"ix":2},"o":{"a":1,"k":[{"i":{"x":[0.9],"y":[1]},"o":{"x":[0.619],"y":[0]},"t":24,"s":[360]},{"t":32,"s":[0]}],"ix":3},"m":1,"ix":2,"nm":"Trim Paths 1","mn":"ADBE Vector Filter - Trim","hd":false}],"ip":0,"op":3713,"st":0,"ct":1,"bm":0},{"ddd":0,"ind":4,"ty":4,"nm":"sound line 2","parent":1,"sr":1,"ks":{"o":{"a":0,"k":100,"ix":11},"r":{"a":0,"k":120,"ix":10},"p":{"a":0,"k":[-539.627,213.218,0],"ix":2,"l":2},"a":{"a":0,"k":[0,0,0],"ix":1,"l":2},"s":{"a":0,"k":[100,100,100],"ix":6,"l":2}},"ao":0,"shapes":[{"ty":"gr","it":[{"ind":0,"ty":"sh","ix":1,"ks":{"a":0,"k":{"i":[[0,0],[0,0]],"o":[[0,0],[0,0]],"v":[[0,-48],[0,49]],"c":false},"ix":2},"nm":"Path 1","mn":"ADBE Vector Shape - Group","hd":false},{"ty":"st","c":{"a":0,"k":[1,1,1,1],"ix":3},"o":{"a":0,"k":100,"ix":4},"w":{"a":0,"k":16,"ix":5},"lc":2,"lj":1,"ml":4,"bm":0,"nm":"Stroke 1","mn":"ADBE Vector Graphic - Stroke","hd":false},{"ty":"tr","p":{"a":0,"k":[0,0],"ix":2},"a":{"a":0,"k":[0,0],"ix":1},"s":{"a":0,"k":[300,300],"ix":3},"r":{"a":0,"k":0,"ix":6},"o":{"a":0,"k":100,"ix":7},"sk":{"a":0,"k":0,"ix":4},"sa":{"a":0,"k":0,"ix":5},"nm":"Transform"}],"nm":"bar 3 copy","np":2,"cix":2,"bm":0,"ix":1,"mn":"ADBE Vector Group","hd":false},{"ty":"tm","s":{"a":1,"k":[{"i":{"x":[0.833],"y":[0.643]},"o":{"x":[0.167],"y":[0.208]},"t":16.5,"s":[100]},{"t":24,"s":[0]}],"ix":1},"e":{"a":1,"k":[{"i":{"x":[0.833],"y":[0.833]},"o":{"x":[0.167],"y":[0.167]},"t":21.5,"s":[100]},{"t":38,"s":[0]}],"ix":2},"o":{"a":1,"k":[{"i":{"x":[0.9],"y":[1]},"o":{"x":[0.619],"y":[0]},"t":24,"s":[360]},{"t":36.5,"s":[0]}],"ix":3},"m":1,"ix":2,"nm":"Trim Paths 1","mn":"ADBE Vector Filter - Trim","hd":false}],"ip":0,"op":3713,"st":0,"ct":1,"bm":0},{"ddd":0,"ind":5,"ty":4,"nm":"sound line","parent":1,"sr":1,"ks":{"o":{"a":0,"k":100,"ix":11},"r":{"a":0,"k":60,"ix":10},"p":{"a":0,"k":[-544.669,-236.259,0],"ix":2,"l":2},"a":{"a":0,"k":[0,0,0],"ix":1,"l":2},"s":{"a":0,"k":[100,100,100],"ix":6,"l":2}},"ao":0,"shapes":[{"ty":"gr","it":[{"ind":0,"ty":"sh","ix":1,"ks":{"a":0,"k":{"i":[[0,0],[0,0]],"o":[[0,0],[0,0]],"v":[[0,-48],[0,49]],"c":false},"ix":2},"nm":"Path 1","mn":"ADBE Vector Shape - Group","hd":false},{"ty":"st","c":{"a":0,"k":[1,1,1,1],"ix":3},"o":{"a":0,"k":100,"ix":4},"w":{"a":0,"k":16,"ix":5},"lc":2,"lj":1,"ml":4,"bm":0,"nm":"Stroke 1","mn":"ADBE Vector Graphic - Stroke","hd":false},{"ty":"tr","p":{"a":0,"k":[0,0],"ix":2},"a":{"a":0,"k":[0,0],"ix":1},"s":{"a":0,"k":[300,300],"ix":3},"r":{"a":0,"k":0,"ix":6},"o":{"a":0,"k":100,"ix":7},"sk":{"a":0,"k":0,"ix":4},"sa":{"a":0,"k":0,"ix":5},"nm":"Transform"}],"nm":"bar 3 copy","np":2,"cix":2,"bm":0,"ix":1,"mn":"ADBE Vector Group","hd":false},{"ty":"tm","s":{"a":1,"k":[{"i":{"x":[0.833],"y":[0.833]},"o":{"x":[0.167],"y":[0.167]},"t":16.5,"s":[100]},{"t":24,"s":[0]}],"ix":1},"e":{"a":1,"k":[{"i":{"x":[0.833],"y":[0.833]},"o":{"x":[0.167],"y":[0.167]},"t":21.5,"s":[100]},{"t":38,"s":[0]}],"ix":2},"o":{"a":1,"k":[{"i":{"x":[0.9],"y":[1]},"o":{"x":[0.619],"y":[0]},"t":24,"s":[360]},{"t":37.5,"s":[0]}],"ix":3},"m":1,"ix":2,"nm":"Trim Paths 1","mn":"ADBE Vector Filter - Trim","hd":false}],"ip":0,"op":3713,"st":0,"ct":1,"bm":0}],"markers":[]}